T(°C),P_sat(kPa),v_f(m^3/kg),v_g(m^3/kg)
205,1724.3,0.0001164,0.11508
210,1907.7,0.001173,0.10429
215,2105.9,0.00118,0.094680

